<?xml version="1.0" encoding="UTF-8"?>
<project-private xmlns="http://www.netbeans.org/ns/project-private/1">
    <editor-bookmarks xmlns="http://www.netbeans.org/ns/editor-bookmarks/2" lastBookmarkId="0"/>
    <open-files xmlns="http://www.netbeans.org/ns/projectui-open-files/2">
        <group>
            <file>file:/C:/Users/15B38LA/OneDrive/Documentos/NetBeansProjects/TAP_U3_Carretera/src/tap_u3_carretera/Ventana.java</file>
            <file>file:/C:/Users/15B38LA/OneDrive/Documentos/NetBeansProjects/TAP_U3_Carretera/src/tap_u3_carretera/Carro.java</file>
            <file>file:/C:/Users/15B38LA/OneDrive/Documentos/NetBeansProjects/TAP_U3_Carretera/src/tap_u3_carretera/Carro4.java</file>
            <file>file:/C:/Users/15B38LA/OneDrive/Documentos/NetBeansProjects/TAP_U3_Carretera/src/tap_u3_carretera/Carro3.java</file>
            <file>file:/C:/Users/15B38LA/OneDrive/Documentos/NetBeansProjects/TAP_U3_Carretera/src/tap_u3_carretera/SemaforoInferior.java</file>
            <file>file:/C:/Users/15B38LA/OneDrive/Documentos/NetBeansProjects/TAP_U3_Carretera/src/tap_u3_carretera/Lienzo.java</file>
            <file>file:/C:/Users/15B38LA/OneDrive/Documentos/NetBeansProjects/TAP_U3_Carretera/src/tap_u3_carretera/SemaforoSuperior.java</file>
            <file>file:/C:/Users/15B38LA/OneDrive/Documentos/NetBeansProjects/TAP_U3_Carretera/src/tap_u3_carretera/Carro2.java</file>
            <file>file:/C:/Users/15B38LA/OneDrive/Documentos/NetBeansProjects/TAP_U3_Carretera/src/tap_u3_carretera/Carro1.java</file>
        </group>
    </open-files>
</project-private>
